{"clustering": [{"rand_score": 0.5819366852886406, "adjusted_rand_score": 0.06744943574256959, "normalized_mutual_information": 0.11444073765062894, "sub_dataset_name": "BME", "distance_timing": null, "cluster_timing": 1.7020773887634277}, {"rand_score": 0.8344155844155844, "adjusted_rand_score": 0.6688456906932737, "normalized_mutual_information": 0.6468622435098071, "sub_dataset_name": "Coffee", "distance_timing": null, "cluster_timing": 2.7959823608398438}]}